source,target,edge
standard plan risk responses,normal project implementation,approved unconditional
organizational project management rules,also project communication planning,invoked including
critical success factors,important risk responses process,plan
described  sections,figure,shown
various  stakeholders,appropriate  manner,maintained open
approval,full acceptance stakeholders,disseminated
organizational culture attitudes disagreements,objectives,causes
standard plan risk responses,full project team stakeholders,defi
key  roles,risk action owner,project
single risk owner,single risk action owner,assigned
expected project stakeholders,needs authority roles,accept
management,organizational ownership causes,take
management approve track,contingency reserves,riskrelated
uncertain  conditions,performed conditions warrant,depend uncertain
resources,risk action owners,entails
address interaction responses,common root cause,developed
categorization risks,diagram categorizing address situation,identify
risks,generic risk responses,need
interaction effect,one probability impact risks,occur
deciding,proposed response responses,require
mitigating threat time,thereby pressure budget,cost
proposed  responses,holistic  view,take holistic
control potential effects strategy,original  risk,need
total level threat project,potential  opportunities,increase potential
general agreedupon responses,achievable  agreedupon,ensure appropriate
corresponding  actions,risk profi le project,carry corresponding
risk response planning,integrated address plan,opportunities
tactical risk response planning,rst  response,seems feasible
responses,tactical level approach,planned general
responses,integrated budget resource assignments,planned strategic
secondary  risks,addressed  time,generate additional
individual risk response risks,project level risks,develop
affected  stakeholders,strategies,involved
strategies,strategies,agreed upon
four  strategies,described risks sections,address individual
occur  project,able  advantage,involves
share opportunity strategy,particular threat opportunity,entails
actions,andor impact opportunity,identify
threat opportunity strategy,strategies,accept
risk,actually contingency fallback plans,entails
overall level risk,cancel project,follows
replan  project,allocations delivery calendar,change
pursue project,risk exposure level,desired
creativity tools,potential responses decisionsupport response,follows
standard responses categories tools,corresponding strategy planning actions,select appropriate
steps,risk figure,shown
builds,optimal set responses,determine optimal
subject matter experts,order explore options,involve subject
planning execution techniques,various options projects objectives,evaluate potential
potential responses risks,possible subset responses,set potential
responses impact project,residual uncertainty risks,take
secondary project management risks,applied project management plan,need
individual  risks,overall  predefi,continues individual
concrete  actions,existing  plans,used
integrated contingent trigger condition,ned contingency response strategy,predefi
associated owner risk risk,effective risk manner,needs
corresponding contingency response strategy,set trigger conditions,include
assigned risk responses process,control risks process,managed
strategic nition risk responses,measurable criteria success response,include measurable
relevant information status,risk characteristics,monitor
additional  actions,informed project situation,assess
risks,analysis processes,plan
corresponding risk response information,often risk response plan,referred
required verify responsibilities,risk response plan,manage
identifi risks ed,residual risks priorities,recorded
projectrelated risk implications,project management plan,add
assignments scheduling details,project documentation,include
changes,additional risk response planning,carry
additional  response,shown  figure,predicted
evaluation provide estimate,proposed improvement risk responses,expected
approved  plans,way,depends upon
new  risks,appropriate project life cycle,monitor
addition,current improvements project,reviewed provide
risk,risks,set
conditions,timely  manner,ensure
unconditional response actions,current project management plan,plan
rst action risk case,missing management process actions,controlling
briefed  changes,responsibilities,need
associated trigger conditions,agreedupon responses,maintained
trigger conditions mechanism,plan risk responses process,provided plan
additional  actions,risk,keep
